,Name,Twitter Handle,Miles from AA,First Offer,Last Offer,Official Visit,Last Official Visit,Attended Michigan,In-State,screenName,michFavToAllTweetRatio,michTweetToAllTweetRatio,michOverallTweetRatio,michNativeRTweetRatio,michNativeTweetRatio,Logisitc Regression l1 Pred Label,Logisitc Regression l1 No Prob,Logisitc Regression l1 Yes Prob,Logisitc Regression l2 Pred Label,Logisitc Regression l2 No Prob,Logisitc Regression l2 Yes Prob,Random Forest Model Predicted Labels,Random Forest No Prob,Random Forest Yes Prob
0,Cam Akers,thereal_cam3,935,0,0,0,0,0,0,thereal_cam3,0,0,0.001571503,0.002230483,0,0,0.949805846,0.050194154,0,0.964950459,0.035049541,0,1,0
1,Foster Sarell,thebigfozbear,2320,0,0,0,0,0,0,thebigfozbear,0,0,0.00095057,0.002457002,0,0,0.989800417,0.010199583,0,0.989441651,0.010558349,0,0.97,0.03
2,Marvin Wilson,RDMW6,1296,0,0,0,0,0,0,RDMW6,0,0,0.002314815,0.004140787,0,0,0.966640004,0.033359996,0,0.974309042,0.025690958,0,1,0
3,Jeffrey Okudah,jokudah_,1178,0,0,0,0,0,0,jokudah_,8.832232948,6.779148674,0.001322314,0.003430532,0.000819001,0,0.98430198,0.01569802,0,0.988233658,0.011766342,0,1,0
4,Walker Little,walkerlittle45,1296,0,0,0,0,0,0,walkerlittle45,2.506144613,2.564695009,0.025345622,0.025,0.027027027,0,0.975108731,0.024891269,0,0.980799237,0.019200763,0,0.976,0.024
5,Joshua Kaindoh,joshuakaindoh,1203,0,0,0,0,0,0,joshuakaindoh,0,0,0,0,0,0,0.962912955,0.037087045,0,0.972106117,0.027893883,0,1,0
6,Donovan Peoples-Jones,dpeoplesjones,44,0,0,1,0,1,1,dpeoplesjones,5.994618777,5.439661207,0.08116655,0.109010011,0.033396947,1,0.285562472,0.714437528,1,0.2960378,0.7039622,0,0.548,0.452
7,Trey Smith,smithtrey98,647,0,0,0,0,0,0,smithtrey98,0.732595052,0.858223187,0.013198758,0.012687428,0.014251781,0,0.936781177,0.063218823,0,0.959116662,0.040883338,0,0.986,0.014
8,Davis Mills,Millsions,714,0,0,0,0,0,0,Millsions,6.451374813,4.798946557,0.010739364,0.009868421,0.011618257,0,0.965604613,0.034395387,0,0.977558066,0.022441934,0,0.994,0.006
9,Isaiah Wilson,_LayZay_,617,0,0,1,0,0,0,_LayZay_,3.361898431,3.770845481,0.038873995,0.08,0.011210762,1,0.380200703,0.619799297,1,0.472509373,0.527490627,0,0.632,0.368
10,JaCoby Stevens,jacobystevens7,552,0,0,0,0,0,0,jacobystevens7,0,0,0.009765625,0.010819165,0.004132231,0,0.923316213,0.076683787,0,0.951734546,0.048265454,0,0.99,0.01
11,Darnay Holmes,ProwayDarnay,2263,0,0,0,0,0,0,ProwayDarnay,0,0,0,0,0,0,0.989098311,0.010901689,0,0.988887579,0.011112421,0,0.892,0.108
12,Aubrey Solomon,AubreySolomon91,886,0,0,1,0,1,0,AubreySolomon91,8.504721201,8.890804598,0.038461538,0.076923077,0.012820513,0,0.607796668,0.392203332,0,0.669674215,0.330325785,0,0.794,0.206
13,Wyatt Davis,wyattdavis53,2241,0,0,0,0,0,0,wyattdavis53,0,0,0.013562387,0.018759019,0.004842615,0,0.988814717,0.011185283,0,0.988788768,0.011211232,0,0.956,0.044
14,Calvin Ashley,Ca70_,522,0,0,0,0,0,0,Ca70_,0.192546584,0,0.005649718,0.009950249,0.003584229,0,0.921494028,0.078505972,0,0.95104175,0.04895825,0,0.988,0.012
15,A.J. Epenesa,ajepenesa24,486,0,0,0,0,0,0,ajepenesa24,4.048365428,5.68627451,0.007824726,0.005012531,0.0125,0,0.95262131,0.04737869,0,0.969421361,0.030578639,0,0.994,0.006
16,LaBryan Ray,LabryanRay,636,0,0,0,0,0,0,LabryanRay,6.110142267,8.862385321,0.00598035,0.01003009,0.00297619,0,0.97062259,0.02937741,0,0.979737483,0.020262517,0,0.99,0.01
17,Hunter Johnson,HunterPh413,281,0,0,0,0,0,0,HunterPh413,0,0,0,0,0,0,0.897376092,0.102623908,0,0.939097467,0.060902533,0,0.994,0.006
18,Joseph Lewis,jodyforthewin,2240,0,0,0,0,0,0,jodyforthewin,1.207747136,3.453640777,0.032700422,0.044843049,0.003584229,0,0.991631038,0.008368962,0,0.991323941,0.008676059,0,0.904,0.096
19,D'Andre Swift,DAndreSwift,582,0,0,0,0,0,0,DAndreSwift,6.933398789,4.960782434,0.005739514,0.010787487,0.002242152,0,0.96138715,0.03861285,0,0.975796036,0.024203964,0,0.99,0.01
20,Jedrick Wills,JWills73,332,0,0,1,0,0,0,JWills73,44.60252587,33.0500952,0.014442519,0.026685393,0.005888126,0,0.963397262,0.036602738,0,0.975811863,0.024188137,0,0.734,0.266
21,Austin Jackson,ChocoDro,1964,0,0,0,0,0,0,ChocoDro,8.155146027,10.45754429,0.008077544,0.015294118,0.001986097,0,0.994922883,0.005077117,0,0.994859415,0.005140585,0,0.988,0.012
22,Colby Parkinson,CJ51,2273,0,0,0,0,0,0,CJ51,0,0,0.024193548,0.037267081,0,0,0.989224855,0.010775145,0,0.989210938,0.010789062,0,0.946,0.054
23,K'Lavon Chaisson,WhosThatGuy4,1289,0,0,0,0,0,0,WhosThatGuy4,0,0,0,0,0,0,0.966372532,0.033627468,0,0.974096079,0.025903921,0,1,0
24,Stanford Samuels,SSIII_,1331,0,0,0,0,0,0,SSIII_,6.403620532,3.287213321,0.013346515,0.014388489,0.012615643,0,0.981279458,0.018720542,0,0.985885845,0.014114155,0,0.898,0.102
25,Jay Tufele,tufele123,1630,0,0,1,0,0,0,tufele123,8.693358488,10.46496708,0.035422343,0.053465347,0.020134228,0,0.807149519,0.192850481,0,0.808579217,0.191420783,0,0.766,0.234
26,Devon Hunter,devonhunter11,719,0,0,0,0,0,0,devonhunter11,0,0,0.00808369,0.010493827,0,0,0.936159701,0.063840299,0,0.958077389,0.041922611,0,0.996,0.004
27,Andrew Thomas,allforgod_55,710,0,0,0,0,0,0,allforgod_55,0,0,0.005847953,0.003472222,0.018518519,0,0.935521857,0.064478143,0,0.957567917,0.042432083,0,0.998,0.002
28,Cesar Ruiz,_OverCees,1203,0,0,1,0,1,0,_OverCees,13.80881633,11.74540849,0.03163017,0.054209919,0.015151515,0,0.782082584,0.217917416,0,0.81109174,0.18890826,0,0.828,0.172
29,Austin Deculus,austindeculus76,1289,0,0,0,0,0,0,austindeculus76,0,0,0.021367521,0.032258065,0,0,0.966372532,0.033627468,0,0.974552572,0.025447428,0,0.994,0.006
30,Deangelo Gibbs,GibbsDeangelo,738,0,1,0,0,0,0,GibbsDeangelo,22.78736842,19.40961857,0.011406844,0.01523616,0.003246753,0,0.994445204,0.005554796,0,0.994473354,0.005526646,0,0.922,0.078
31,Tyjon Lindsey,tyjonlindsey,1971,0,0,0,0,0,0,tyjonlindsey,0,0,0,0,0,0,0.984680808,0.015319192,0,0.985660212,0.014339788,0,0.966,0.034
32,Paris Ford,DiddyBop1_,284,0,0,0,0,0,0,DiddyBop1_,0,0,0.002283105,0.004065041,0,0,0.897701739,0.102298261,0,0.939376884,0.060623116,0,0.994,0.006
33,Josh Myers,josh_myers58,207,0,0,0,0,0,0,josh_myers58,0.270600559,0.535961272,0.005434783,0.009118541,0.003870968,0,0.893879484,0.106120516,0,0.93810596,0.06189404,0,0.992,0.008
34,AJ Terrell,dream8chasin_,710,0,0,0,0,0,0,dream8chasin_,0,0,0.006097561,0.008915305,0.002105263,0,0.935521857,0.064478143,0,0.95771043,0.04228957,0,0.996,0.004
35,Tate Martell,TheTateMartell,1971,0,0,0,0,0,0,TheTateMartell,0,0,0,0,0,0,0.984680808,0.015319192,0,0.985660212,0.014339788,0,0.966,0.034
36,Luji Vilain,Luiji_V,527,0,0,1,1,1,0,Luiji_V,32.03560043,32.56418919,0.010558069,0.010548523,0.010582011,0,0.88891355,0.11108645,0,0.861074792,0.138925208,0,0.596,0.404
37,Marlon Tuipulotu,marlont_51,2402,0,0,0,0,0,0,marlont_51,5.722946347,6.873786408,0.004504505,0,0.008474576,0,0.995630888,0.004369112,0,0.995102927,0.004897073,0,0.974,0.026
38,Deommodore Lenoir,Deommo_Lenoir,2240,0,0,0,0,0,0,Deommo_Lenoir,0.030346606,0,0.002185792,0.00330033,0.001633987,0,0.988819008,0.011180992,0,0.988703754,0.011296246,0,0.976,0.024
39,Anthony Hines,TheAntHines_Era,1120,0,0,0,0,0,0,TheAntHines_Era,1.964344801,2.123129189,0.003311258,0.004170142,0.002465078,0,0.967787787,0.032212213,0,0.97610124,0.02389876,0,0.996,0.004
40,Grant Delpit,showtime9_,1203,0,0,0,0,0,0,showtime9_,0,0,0.004456328,0.005720824,0,0,0.962912955,0.037087045,0,0.972196235,0.027803765,0,0.992,0.008
41,Ty Chandler,Channdler_35,522,0,0,0,0,0,0,Channdler_35,15.4687311,15.51146931,0.004604052,0.00754717,0.001798561,0,0.986518184,0.013481816,0,0.991024783,0.008975217,0,0.978,0.022
42,Tedarrel Slaton,d1bound0_77,1324,0,0,0,0,0,0,d1bound0_77,0,0,0.010973937,0.014035088,0,0,0.967689492,0.032310508,0,0.975065239,0.024934761,0,0.97,0.03
43,Willie Gay Jr.,WillieYRN,787,0,0,1,0,0,0,WillieYRN,0.943544428,0.312080537,0.039325843,0.079411765,0.002688172,1,0.344108733,0.655891267,1,0.429705764,0.570294236,0,0.688,0.312
44,Brock Wright,brockjwright40,1289,0,0,0,0,0,0,brockjwright40,0,0,0,0,0,0,0.966372532,0.033627468,0,0.974096079,0.025903921,0,1,0
45,Henry Ruggs III,__RUGGS,801,0,0,0,0,0,0,__RUGGS,8.955524816,6.416088453,0.002534854,0.003614458,0.001951854,0,0.97528742,0.02471258,0,0.983503595,0.016496405,0,0.998,0.002
46,Jamyest Williams,Jamy0602,738,0,0,0,0,0,0,Jamy0602,0,0,0.002105263,0.002496879,0,0,0.937486995,0.062513005,0,0.958564088,0.041435912,0,1,0
47,Drew Singleton,_DrewSingleton,609,0,0,1,1,1,0,_DrewSingleton,29.31269688,27.28570154,0.027930175,0.05433526,0.007894737,0,0.843125434,0.156874566,0,0.815943787,0.184056213,0,0.784,0.216
48,Jaylon Johnson,NBAxJay7,2365,0,1,0,0,0,0,NBAxJay7,0,0,0.008695652,0.012121212,0,0,0.990322937,0.009677063,0,0.985450419,0.014549581,0,0.946,0.054
49,Cole Kmet,ColeKmet,275,0,1,0,0,0,0,ColeKmet,0,0,0,0,0,0,0.896722043,0.103277957,0,0.913741556,0.086258444,0,0.97,0.03
50,Robert Hainsey,rhainsey72,1203,0,0,0,0,0,0,rhainsey72,5.523625184,5.656406209,0.032195122,0.042857143,0.021,0,0.980575433,0.019424567,0,0.985309036,0.014690964,0,0.972,0.028
51,Todd Harris,toddharris_6,1122,0,0,0,0,0,0,toddharris_6,0,0,0.000910747,0.001769912,0,0,0.959343333,0.040656667,0,0.970124522,0.029875478,0,1,0
52,Netori Johnson,ATLNETORIJ,729,0,0,0,0,0,0,ATLNETORIJ,1.89877836,2.209039548,0.045454545,0,0.088235294,0,0.949956389,0.050043611,0,0.966527537,0.033472463,0,0.788,0.212
53,Tyrell Shavers,rell4six,1131,0,0,0,0,0,0,rell4six,0,0,0,0,0,0,0.959755663,0.040244337,0,0.970326581,0.029673419,0,1,0
54,CJ Thorpe,truk_savage,284,0,0,0,0,0,0,truk_savage,19.89388173,19.64285714,0.007518797,0.012027491,0.003252033,0,0.989204263,0.010795737,0,0.993189919,0.006810081,0,0.982,0.018
55,Ambry Thomas,Tavonn_,44,0,0,1,1,1,1,Tavonn_,18.8879989,21.78411592,0.032570423,0.070967742,0.005961252,0,0.526713601,0.473286399,1,0.386288943,0.613711057,0,0.584,0.416
56,Jarez Parks,rezzz_p,1194,0,0,0,0,0,0,rezzz_p,0,0,0.008714597,0.019002375,0,0,0.962531711,0.037468289,0,0.972167147,0.027832853,0,0.99,0.01
57,Jake Moretti,jmoretti_70,1229,1,0,0,0,0,0,jmoretti_70,4.923021323,6.895209581,0.006472492,0.004739336,0.010204082,0,0.982090497,0.017909503,0,0.987752829,0.012247171,0,0.98,0.02
58,Kary Vincent,KVJ_XV,1292,0,0,0,0,0,0,KVJ_XV,0,0,0.0048,0.008403361,0,0,0.966487416,0.033512584,0,0.97427966,0.02572034,0,0.992,0.008
59,Anthony McFarland Jr.,AnttMacc_,521,0,0,0,0,0,0,AnttMacc_,0,0,0.002788104,0.006458558,0,0,0.920684973,0.079315027,0,0.950327091,0.049672909,0,0.994,0.006
60,Markail Benton,king_benton_,813,0,0,0,0,0,0,king_benton_,12.18901252,7.657648283,0.010176391,0.016149068,0.002989537,0,0.9809224,0.0190776,0,0.987571988,0.012428012,0,0.988,0.012
61,Greg Johnson,ykgthree,2240,0,0,0,0,0,0,ykgthree,0,0,0.026387009,0.054317549,0,0,0.988801655,0.011198345,0,0.988986658,0.011013342,0,0.924,0.076
62,Tyrese Robinson,tyrese_robinson,1106,0,0,0,0,0,0,tyrese_robinson,0,0,0.000811688,0.001984127,0,0,0.958600295,0.041399705,0,0.969714242,0.030285758,0,1,0
63,Christopher Allen,Allen_Greatness,1110,0,0,0,0,0,0,Allen_Greatness,0.211711712,0,0.008695652,0.011764706,0.004255319,0,0.95921744,0.04078256,0,0.970376173,0.029623827,0,1,0
64,Jordan Anthony,Jordan_LittleBO,1203,0,0,1,0,1,0,Jordan_LittleBO,20.69555416,15.27158837,0.032085561,0.044186047,0.01572327,0,0.866492618,0.133507382,0,0.887893833,0.112106167,0,0.868,0.132
65,Robert Beal,robertbeal6,729,0,0,0,0,0,0,robertbeal6,0,0,0.006309148,0.004273504,0.012048193,0,0.936861518,0.063138482,0,0.958277367,0.041722633,0,0.996,0.004
66,Hamsah Nasirildeen,nasirildeen,621,0,0,0,0,0,0,nasirildeen,0,0,0.001801802,0.00249584,0,0,0.928887615,0.071112385,0,0.954251646,0.045748354,0,0.984,0.016
67,Chuck Filiaga,CFiliaga,1215,0,0,1,0,1,0,CFiliaga,5.052959805,5.079683539,0.040330418,0.044514107,0.025917927,0,0.596848885,0.403151115,0,0.639734214,0.360265786,0,0.828,0.172
68,Alijah Vera-Tucker,yung_lijh,2350,0,0,0,0,0,0,yung_lijh,3.746074473,3.959810875,0.026315789,0.030769231,0.024,0,0.993755546,0.006244454,0,0.993414626,0.006585374,0,0.924,0.076
69,Daniel Wright,_Wright3470,1351,0,0,0,0,0,0,_Wright3470,1.386200437,1.261915173,0.006160164,0.00754717,0.004504505,0,0.973082168,0.026917832,0,0.978894895,0.021105105,0,0.954,0.046
70,Dylan McCaffrey,dcaf20,1237,0,0,1,1,1,0,dcaf20,7.327837666,7.924732801,0.012919897,0.00867052,0.01635514,1,0.496994359,0.503005641,1,0.415917862,0.584082138,1,0.374,0.626
71,Greg Rogers,CityBoyGreg,1972,0,0,0,0,0,0,CityBoyGreg,0,0,0,0,0,0,0.984698603,0.015301397,0,0.985672706,0.014327294,0,0.966,0.034
72,Jeremiah Holloman,Obey_Classics,744,0,0,0,0,0,0,Obey_Classics,0,0,0.004659832,0.008944544,0,0,0.937900762,0.062099238,0,0.958908892,0.041091108,0,0.994,0.006
73,Micah Clark,MicahClark17,637,0,0,0,0,0,0,MicahClark17,11.015625,13.79816514,0.009708738,0.027027027,0.004255319,0,0.98343095,0.01656905,0,0.988388767,0.011611233,0,0.948,0.052
74,Eno Benjamin,eno_benjamin5,1147,0,0,0,0,0,0,eno_benjamin5,2.582677475,2.754885323,0.016250495,0.02303523,0.006685769,0,0.970939151,0.029060849,0,0.978430981,0.021569019,0,0.978,0.022
75,Osiris St. Brown,osiristbrown,2233,0,0,0,0,0,0,osiristbrown,7.82581156,9.916054222,0.005150215,0.006535948,0.004249292,0,0.99609698,0.00390302,0,0.995727179,0.004272821,0,0.99,0.01
76,Hunter Echols,hunter_tyb,2240,0,0,0,0,0,0,hunter_tyb,17.43782039,9.623155505,0.005093379,0.016949153,0.002123142,0,0.997594195,0.002405805,0,0.997700007,0.002299993,0,0.974,0.026
77,Nico Collins,lbg_nico7,704,0,0,1,0,1,0,lbg_nico7,15.03402114,11.16143725,0.074285714,0.128691983,0.009975062,0,0.671061573,0.328938427,0,0.751895633,0.248104367,0,0.728,0.272
78,CJ Henderson,HendersonChris_,1373,0,0,0,0,0,0,HendersonChris_,1.648521472,1.248387097,0.007644197,0.011065812,0.002583979,0,0.974075411,0.025924589,0,0.979662237,0.020337763,0,0.94,0.06
79,Josh Falo,Josh_falo,2273,0,0,0,0,0,0,Josh_falo,2.072569727,2.653669725,0.019398642,0.021101993,0.011235955,0,0.99187623,0.00812377,0,0.99160587,0.00839413,0,0.93,0.07
80,Chaz Ah You,chazahyou3,1639,0,0,0,0,0,0,chazahyou3,1.768765056,2.723906735,0.008825787,0.008835341,0.008817046,0,0.982799508,0.017200492,0,0.985044272,0.014955728,0,0.942,0.058
81,Chevin Calloway,_chev1_,1165,0,0,0,0,0,0,_chev1_,0.525569849,0.708933718,0.018018018,0.023319616,0.010162602,0,0.963964848,0.036035152,0,0.973369469,0.026630531,0,0.988,0.012
82,Brad Stewart,B_Stew5,1052,0,0,0,0,0,0,B_Stew5,0,0,0.001578947,0.002181818,0,0,0.955995489,0.044004511,0,0.968285916,0.031714084,0,1,0
83,Justin Foster,Fosterkiddddd,637,0,0,0,0,0,0,Fosterkiddddd,27.25956204,17.02066116,0.003604903,0.006423983,0.000728332,0,0.994171655,0.005828345,0,0.996472872,0.003527128,0,0.994,0.006
84,Cordarrian Richardson,thegreatest_5,730,0,0,0,0,0,0,thegreatest_5,5.666459296,3.391461941,0.00902379,0.016194332,0.00166251,0,0.961533301,0.038466699,0,0.975225261,0.024774739,0,0.99,0.01
85,Toneil Carter,carter_toneil,1289,0,0,0,0,0,0,carter_toneil,0,0,0,0,0,0,0.966372532,0.033627468,0,0.974096079,0.025903921,0,1,0
86,Nate McBride,nmcbride13,874,0,0,0,0,0,0,nmcbride13,0,0,0,0,0,0,0.946259865,0.053740135,0,0.96303404,0.03696596,0,1,0
87,Aaron Banks,bigaaronbanks,2342,0,0,1,1,0,0,bigaaronbanks,15.57138617,14.031477,0.043744532,0.056085919,0.009836066,0,0.893590846,0.106409154,0,0.816702379,0.183297621,1,0.44,0.56
88,Leonard Warner,og_leo_,731,0,0,0,0,0,0,og_leo_,1.148648649,2.04,0.015037594,0.016574586,0.011764706,0,0.947637204,0.052362796,0,0.964964495,0.035035505,0,0.988,0.012
89,Jaylen Harris,JHarris5_,167,0,0,0,0,0,0,JHarris5_,6.539880323,4.568902439,0.015672616,0.019830028,0.009039548,0,0.935735036,0.064264964,0,0.964104213,0.035895787,0,0.984,0.016
90,Oliver Martin,O_Martin3,446,0,0,0,0,1,0,O_Martin3,0,0,0,0,0,0,0.913974852,0.086025148,0,0.946927812,0.053072188,0,0.996,0.004
91,Marco Wilson,MJW_era,1351,0,0,0,0,0,0,MJW_era,5.606691704,3.407407407,0.007488987,0.012269939,0.001035197,0,0.981103851,0.018896149,0,0.985469984,0.014530016,0,0.956,0.044
92,Amir Riep,Riep_Amir,250,0,0,0,0,0,0,Riep_Amir,13.26533938,15.37696206,0.036534447,0.057216055,0.004026846,0,0.979140933,0.020859067,0,0.987156499,0.012843501,0,0.976,0.024
93,Hezekiah Jones,_hezekiahh,1308,0,0,0,0,0,0,_hezekiahh,0,0,0.006934813,0.008391608,0.004092769,0,0.967093755,0.032906245,0,0.974633517,0.025366483,0,0.992,0.008
94,Jaylon Redd,CarsonBooyJay21,2200,1,0,0,0,0,0,CarsonBooyJay21,0.132928475,0,0.004329004,0.003773585,0.005076142,0,0.988345998,0.011654002,0,0.990100883,0.009899117,0,0.99,0.01
95,Trey Sermon,treyera,692,0,0,0,0,0,0,treyera,0,0,0.002670227,0.00422833,0,0,0.934228335,0.065771665,0,0.956954785,0.043045215,0,0.996,0.004
96,Henry Bainivalu,HBainivalu,2308,0,0,0,0,0,0,HBainivalu,4.972972973,7.247588424,0.010869565,0,0.02173913,0,0.99505381,0.00494619,0,0.994516558,0.005483442,0,0.94,0.06
97,Markquese Bell,MarkqueseB,621,1,0,0,0,0,0,MarkqueseB,3.330246914,9.222222222,0.020325203,0.012269939,0.036144578,0,0.966446294,0.033553706,0,0.979469351,0.020530649,0,0.964,0.036
98,Shawn Robinson,shawnrobinson_,1181,0,0,0,0,0,0,shawnrobinson_,0.547783251,0,0.003070175,0,0.003597122,0,0.962996494,0.037003506,0,0.972545936,0.027454064,0,0.984,0.016
99,LeAnthony Williams Jr.,LWilliams_4,703,0,0,0,0,0,0,LWilliams_4,1.211492418,1.520432692,0.005145798,0.003030303,0.007905138,0,0.944334486,0.055665514,0,0.96311807,0.03688193,0,0.978,0.022
100,D'Antne Demery,bigmandemery,937,0,0,0,0,0,0,bigmandemery,21.09969789,25.30434783,0.00150263,0,0.001718213,0,0.996765445,0.003234555,0,0.997280174,0.002719826,0,1,0
101,Obinna Eze,MAJORBUSQUET,522,0,0,0,0,0,0,MAJORBUSQUET,0,0,0.017077799,0.020454545,0,0,0.920771125,0.079228875,0,0.950773519,0.049226481,0,0.972,0.028
102,Kayden Lyles,Klyles60,400,0,1,0,0,0,0,Klyles60,2.30794702,2.8828125,0.028901734,0.010989011,0.048780488,0,0.932234237,0.067765763,0,0.940808826,0.059191174,0,0.83,0.17
103,Brett Neilon,brettn110,2244,0,0,0,0,0,0,brettn110,5.40408998,5.858024691,0.069686411,0.08411215,0.02739726,0,0.994278021,0.005721979,0,0.994249604,0.005750396,0,0.82,0.18
104,Malcom Askew,MacAskew4,729,0,0,0,0,0,0,MacAskew4,1.010133879,0.730938014,0.006451613,0.004444444,0.009756098,0,0.94259157,0.05740843,0,0.962134392,0.037865608,0,0.99,0.01
105,Kennedy Brooks,offenseofmind,1200,0,0,0,0,0,0,offenseofmind,0.084876059,0.235013032,0.008316008,0.006651885,0.011090573,0,0.963501601,0.036498399,0,0.972586638,0.027413362,0,0.988,0.012
106,Kevin Jarvis,kevin_jarvis,266,0,0,0,0,0,0,kevin_jarvis,5.815767635,6.719408503,0.02173913,0.010309278,0.0390625,0,0.94794574,0.05205426,0,0.968608785,0.031391215,0,0.966,0.034
107,Earnest Brown,ErnieBIV,1169,0,0,0,0,0,0,ErnieBIV,0,0,0.027777778,0.043010753,0,0,0.96145284,0.03854716,0,0.971947398,0.028052602,0,0.99,0.01
108,Ryan Johnson,ryanjohnson_50,967,0,0,0,0,0,0,ryanjohnson_50,3.185148078,2.714201183,0.010658546,0.013661202,0.008502289,0,0.965270339,0.034729661,0,0.975573351,0.024426649,0,0.978,0.022
109,Trajan Bandy,BandyTrajan,1373,0,0,0,0,0,0,BandyTrajan,0,0,0,0,0,0,0.969449767,0.030550233,0,0.975906033,0.024093967,0,0.988,0.012
110,Colin Wilson,dakid_wilson5,1029,0,0,0,0,0,0,dakid_wilson5,0,0,0.002321981,0,0.002638522,0,0.95483917,0.04516083,0,0.967621614,0.032378386,0,0.988,0.012
111,Tyler Johnson,T_muhneyy10,1954,0,0,0,0,0,0,T_muhneyy10,0,0,0.001731302,0.002983294,0,0,0.984375159,0.015624841,0,0.985469848,0.014530152,0,0.994,0.006
112,David Adams,David_Adams1335,284,0,0,0,0,0,0,David_Adams1335,5.764210052,7.212553811,0.012702584,0.023255814,0.007289596,0,0.950436828,0.049563172,0,0.969888367,0.030111633,0,0.952,0.048
113,James Hudson,__BallisLife2,54,0,0,1,1,1,0,__BallisLife2,0,0,0.027833002,0.057613169,0,1,0.089586081,0.910413919,1,0.098228842,0.901771158,0,0.506,0.494
114,Langi Tuifua,LangiTuifua,1630,0,0,0,0,0,0,LangiTuifua,18.55061439,26.59403153,0.001820167,0.00248139,0.001545595,0,0.99850389,0.00149611,0,0.99836607,0.00163393,0,0.992,0.008
115,Kasim Hill,Khillqb11,519,0,0,0,0,0,0,Khillqb11,0,0,0.017595308,0.046153846,0,0,0.920512413,0.079487587,0,0.951220729,0.048779271,0,0.962,0.038
116,Terrel Bynum,TDBynum,2241,0,0,0,0,0,0,TDBynum,0,0,0,0,0,0,0.988814717,0.011185283,0,0.988671725,0.011328275,0,0.88,0.12
117,Matt Bockhorst,MattBockhorst,250,0,0,0,0,0,0,MattBockhorst,15.33307771,12.0549273,0.00802139,0.010845987,0.003484321,0,0.97663561,0.02336439,0,0.986486138,0.013513862,0,0.948,0.052
118,Deron Irving-Bey,FatGlizzy__,55,0,0,1,1,1,1,FatGlizzy__,28.59670285,13.49046794,0.083894672,0.136316337,0.008928571,0,0.516328724,0.483671276,1,0.454104119,0.545895881,0,0.606,0.394
119,Jaylen Kelly-Powell,JKellypowell,44,0,0,1,1,1,1,JKellypowell,2.761300507,3.243980245,0.070752089,0.103938731,0.036322361,1,0.122368963,0.877631037,1,0.084431513,0.915568487,1,0.438,0.562
120,Bo Melton,getbusy__bo,640,0,0,0,0,0,0,getbusy__bo,6.946768061,6.713826367,0.03125,0.040322581,0.00862069,0,0.967752666,0.032247334,0,0.979173551,0.020826449,0,0.982,0.018
121,Kai-Leon Herbert,KHerb17,1351,0,0,1,0,0,0,KHerb17,10.9395418,8.555917941,0.074468085,0.105860113,0.016336056,0,0.748437265,0.251562735,0,0.782188233,0.217811767,0,0.736,0.264
122,DeeJay Dallas,13kdeejay,937,0,0,0,0,0,0,13kdeejay,0,0,0,0,0,0,0.949918273,0.050081727,0,0.964967162,0.035032838,0,1,0
123,Breon Dixon,Breondixon_4,729,0,0,0,0,0,0,Breondixon_4,1.53877462,2.192687483,0.00716479,0.009077156,0.003164557,0,0.949011419,0.050988581,0,0.965857522,0.034142478,0,0.994,0.006
124,Ellis Brooks,EllisBrooks35,614,0,0,0,0,0,0,EllisBrooks35,9.587777056,11.3724271,0.012618297,0.026239067,0.002224694,0,0.978539516,0.021460484,0,0.985433935,0.014566065,0,0.96,0.04
125,O'Maury Samuels,shmallzxxiii,1571,0,0,1,1,1,0,shmallzxxiii,155.2862903,152.2125,0.009661836,0.031339031,0.001122334,0,0.99999998,2.04E-08,0,0.999999933,6.67E-08,0,0.716,0.284
126,Elijah Gates,Elijahgatess,2240,0,0,0,0,0,0,Elijahgatess,0.212454212,0,0.010110294,0.013513514,0.002873563,0,0.988922583,0.011077417,0,0.988899701,0.011100299,0,0.972,0.028
127,CJ Cotman,CotmanCj,1188,0,0,0,0,0,0,CotmanCj,0.0792071,0,0.004658385,0.005552128,0.003141361,0,0.962423776,0.037576224,0,0.971969741,0.028030259,0,1,0
128,Todd Sibley,ToddSib23,190,0,0,0,0,0,0,ToddSib23,0,0,0.00677392,0.013311148,0,0,0.88705354,0.11294646,0,0.934771843,0.065228157,0,0.99,0.01
129,Adrian Ealy,adrian_ealy,1105,0,0,0,0,0,0,adrian_ealy,4.38252149,3.638297872,0.023782559,0.039256198,0.005012531,0,0.973701032,0.026298968,0,0.981030792,0.018969208,0,0.98,0.02
130,Akial Byers,akial_byers,865,0,0,0,0,0,0,akial_byers,0.848315355,0.693333333,0.020833333,0.01986755,0.023076923,0,0.950172917,0.049827083,0,0.966158564,0.033841436,0,0.996,0.004
131,Isaiah Hodgins,IsaiahHodgins,2339,0,0,0,0,0,0,IsaiahHodgins,0,0,0.008448541,0.014608234,0,0,0.990024359,0.009975641,0,0.989685381,0.010314619,0,0.96,0.04
132,Pete Werner,petewerner23,452,0,0,0,0,0,0,petewerner23,5.569561325,6.174386921,0.026442308,0.042857143,0.009708738,0,0.955734406,0.044265594,0,0.97259612,0.02740388,0,0.974,0.026
133,Jonathan Sutherland,jay_suth,527,0,1,0,0,0,0,jay_suth,64.0293884,42.86921529,0.012903226,0.027210884,0.006289308,0,0.999823778,0.000176222,0,0.999852204,0.000147796,0,0.922,0.078
134,Bailey Hockman,baileyhockman,694,0,0,0,0,0,0,baileyhockman,32.78752643,19.58539604,0.007454739,0.011605416,0.002369668,0,0.996544037,0.003455963,0,0.997932864,0.002067136,0,0.996,0.004
135,Matt Dotson,Mattdotson21,250,0,0,0,0,0,0,Mattdotson21,6.857930415,9.032842672,0.030039526,0.048327138,0.01650619,0,0.956568762,0.043431238,0,0.973779567,0.026220433,0,0.982,0.018
136,Major Tennison,major_tennison,1123,0,0,0,0,0,0,major_tennison,13.23954908,17.68016194,0.002836879,0.00456621,0.002518892,0,0.99351985,0.00648015,0,0.994479469,0.005520531,0,0.984,0.016
137,Jimmy Jaggers,jimmy_jaggers,2253,0,0,0,0,0,0,jimmy_jaggers,11.9435241,18.44915254,0.018716578,0.038,0.003215434,0,0.998257903,0.001742097,0,0.997900548,0.002099452,0,0.99,0.01
138,Charles Reeves,ihoo_cr15,283,1,0,0,0,0,0,ihoo_cr15,0,0,0,0,0,0,0.897593292,0.102406708,0,0.947808437,0.052191563,0,0.996,0.004
139,Antjuan Simmons,_antjuan_,0,0,0,0,0,0,1,_antjuan_,1.619964768,1.61033915,0.034131032,0.051737452,0.015948963,0,0.88375381,0.11624619,0,0.898358663,0.101641337,0,0.978,0.022
140,Kenney Britt,K_Britt10,733,0,0,0,0,0,0,K_Britt10,0.737837838,0.1673314,0.005389867,0.011739594,0.002166847,0,0.939985779,0.060014221,0,0.960742177,0.039257823,0,0.998,0.002
141,MJ Webb,mwebb_8,769,0,0,0,0,0,0,mwebb_8,0.627142271,1.003674541,0.007611798,0.005235602,0.010460251,0,0.945015954,0.054984046,0,0.963003834,0.036996166,0,0.994,0.006
142,JaRaymond Hall,hall_american,39,1,0,1,1,1,1,hall_american,0,0,0.001811594,0.005494505,0,1,0.088152477,0.911847523,1,0.068120099,0.931879901,1,0.39,0.61
143,A.J. Davis,fyeboii,1157,0,0,0,0,0,0,fyeboii,0,0,0.000661594,0.001257862,0.000448833,0,0.960924447,0.039075553,0,0.971000222,0.028999778,0,1,0
144,Mike Harley,mikeharleyjr,1351,0,0,0,0,0,0,mikeharleyjr,11.43560888,16.86370158,0.026706231,0.03526971,0.005208333,0,0.99425483,0.00574517,0,0.994814239,0.005185761,0,0.928,0.072
145,Will Ignont,WillIgnont,631,0,0,0,0,0,0,WillIgnont,50.67863307,30.10082873,0.005642886,0.008995502,0.001743679,0,0.99926862,0.00073138,0,0.999586524,0.000413476,0,0.992,0.008
146,Kedrick James,kedrickjames044,1268,0,0,0,0,0,0,kedrickjames044,0,0,0.024193548,0.029268293,0,0,0.965557641,0.034442359,0,0.974062016,0.025937984,0,0.996,0.004
147,Tre Shaw,BcgTr3,729,0,0,0,0,0,0,BcgTr3,3.912977431,2.684782609,0.017756255,0.018145161,0.016194332,0,0.956040427,0.043959573,0,0.971401941,0.028598059,0,0.972,0.028
148,KJ Hamler,Kj_hamler,1203,0,0,0,0,0,0,Kj_hamler,7.648179116,6.531723485,0.035885167,0.050679852,0.008988764,0,0.983538248,0.016461752,0,0.987759793,0.012240207,0,0.972,0.028
149,Dalyn Wade-Perry,DalynWP,614,0,0,0,0,0,0,DalynWP,0.827211077,2.551198257,0.008751727,0.017,0.001707942,0,0.941329346,0.058670654,0,0.961427282,0.038572718,0,0.966,0.034
150,Grant Polley,gapolley44,1169,0,0,0,0,0,0,gapolley44,12.27807623,15.44023324,0.005611672,0.007142857,0.003021148,0,0.992511418,0.007488582,0,0.993730211,0.006269789,0,0.984,0.016
151,Monty Rice,RiceMonty,636,0,0,0,0,0,0,RiceMonty,1.363069162,1.610666667,0.005471956,0.006091371,0.004966887,0,0.940806301,0.059193699,0,0.961544697,0.038455303,0,0.988,0.012
152,Benjamin St-Juste,Benj_Juice,601,0,0,1,0,1,0,Benj_Juice,2.642857143,3,0.4,0.5,0.333333333,1,0.355155769,0.644844231,0,0.505851588,0.494148412,1,0.456,0.544
153,Logan Rudolph,Logan4Rudolph,642,0,0,0,0,0,0,Logan4Rudolph,1.74015748,2.75808788,0.01875,0.017241379,0.019607843,0,0.946316101,0.053683899,0,0.964784055,0.035215945,0,0.972,0.028
154,Chase Hayden,Chase_Hayden2,720,0,0,1,0,0,0,Chase_Hayden2,0,0,0.020576132,0.024975025,0,1,0.311349206,0.688650794,1,0.390108953,0.609891047,0,0.748,0.252
155,Elijah Hicks,ELITHEMAN1,2235,0,0,1,1,0,0,ELITHEMAN1,0,0,0,0,0,0,0.563570106,0.436429894,1,0.420833474,0.579166526,1,0.332,0.668
156,Taariq Johnson,JohnsonTaariq,2240,0,0,0,0,0,0,JohnsonTaariq,6.384444444,6.37950792,0.016853933,0.024064171,0.00887574,0,0.994720487,0.005279513,0,0.994531082,0.005468918,0,0.964,0.036
157,Rutger Reitmaier,ReitmaierRutger,522,0,0,1,1,0,0,ReitmaierRutger,0,0,0,0,0,1,0.14600415,0.85399585,1,0.137724082,0.862275918,1,0.388,0.612
158,Sampson Niu,saampsonniu,2301,0,1,0,0,0,0,saampsonniu,14.26293541,13.1345445,0.010542169,0.023752969,0.004410143,0,0.997915073,0.002084927,0,0.996741059,0.003258941,0,0.906,0.094
159,Ameer Speed,OG__speed,1000,0,0,0,0,0,0,OG__speed,4.045706482,3.894729345,0.00886918,0.019607843,0.002779708,0,0.970328049,0.029671951,0,0.978796186,0.021203814,0,0.98,0.02
160,J.T. Cauthen,CauthenJt,645,0,0,0,0,0,0,CauthenJt,26.43217451,24.06504065,0.00140056,0,0.003378378,0,0.996235653,0.003764347,0,0.997355816,0.002644184,0,0.982,0.018
161,Jordan Reid,jordanreid58,44,0,0,0,0,0,1,jordanreid58,10.07335694,7.697799296,0.033523538,0.039540816,0.025889968,0,0.949099336,0.050900664,0,0.954941314,0.045058686,0,0.96,0.04
162,J'Marick Woods,laythatwood26,652,1,0,1,0,1,0,laythatwood26,2.359008264,1.551689861,0.033333333,0.065989848,0.004484305,1,0.343422629,0.656577371,1,0.475940554,0.524059446,0,0.706,0.294
163,Juwan Burgess,OakhurstFredoo,1166,0,0,0,0,0,0,OakhurstFredoo,0,0,0.005030543,0.006575342,0.002087683,0,0.961321388,0.038678612,0,0.971308236,0.028691764,0,0.992,0.008
164,Popo Aumavae,PopoAumavae,2321,0,0,0,0,0,0,PopoAumavae,0.107468124,0,0.012269939,0.009615385,0.016949153,0,0.98986818,0.01013182,0,0.989565209,0.010434791,0,0.974,0.026
165,Tre' McKitty,T_mckitty,1203,0,0,0,0,0,0,T_mckitty,0.077124619,0,0.004487659,0.009478673,0.00123533,0,0.963055033,0.036944967,0,0.972377466,0.027622534,0,0.998,0.002
166,Jaquan Henderson,JaquanHenderso2,744,0,0,0,0,0,0,JaquanHenderso2,3.24932754,2.382588774,0.033503277,0.035527691,0.028846154,0,0.954464825,0.045535175,0,0.970423335,0.029576665,0,0.97,0.03
167,Tyler Smith,_lac14,694,0,1,0,0,0,0,_lac14,1.154888417,1.986745887,0.003501401,0.004956629,0.001610306,0,0.945259321,0.054740679,0,0.948051761,0.051948239,0,0.984,0.016
168,Mekhi Becton,semonebecton,626,0,1,1,0,0,0,semonebecton,0,0,0.034271726,0.044515103,0,1,0.288070644,0.711929356,1,0.291322891,0.708677109,0,0.678,0.322
169,Will Register,WRegister88,741,0,0,0,0,0,0,WRegister88,0,0,0,0,0,0,0.937694199,0.062305801,0,0.958610858,0.041389142,0,1,0
170,A.J. Dillon,ajdillon7,737,0,0,1,1,0,0,ajdillon7,5.84835833,6.099182248,0.109513274,0.144249513,0.063938619,1,0.309785184,0.690214816,1,0.290966732,0.709033268,0,0.586,0.414
171,Alex Cook,Alexcook_2,2270,0,1,0,0,0,0,Alexcook_2,7.945140695,9.050505051,0.006616257,0.006557377,0.006696429,0,0.996064883,0.003935117,0,0.993818167,0.006181833,0,0.976,0.024
172,Juliano Falaniko,julianofalaniko,6725,0,0,0,0,0,0,julianofalaniko,0,0,0,0,0,0,0.999943127,5.69E-05,0,0.999782847,0.000217153,0,0.896,0.104
173,Adarius Lemons,adariuslemons,1188,0,0,0,0,0,0,adariuslemons,1.336622428,1.12452264,0.025350593,0.028487947,0.016494845,0,0.967184942,0.032815058,0,0.975751304,0.024248696,0,0.986,0.014
174,Tre Swilling,TreSwilling,1052,0,0,0,0,0,0,TreSwilling,34.60496614,8.9214355,0.002615519,0.008,0.001956947,0,0.995786878,0.004213122,0,0.997758529,0.002241471,0,0.99,0.01
175,Brad Hawkins,bradhawkins9,586,0,0,1,1,1,0,bradhawkins9,7.822222222,5.245892305,0.076422764,0.155913978,0.041958042,1,0.281994849,0.718005151,1,0.281913332,0.718086668,0,0.794,0.206
176,Kenneth Murray,kmurrayy_9,1304,0,0,0,0,0,0,kmurrayy_9,0,0,0.002582073,0.00488145,0,0,0.966943171,0.033056829,0,0.974495193,0.025504807,0,1,0
177,Deontre Thomas,deontrele,1024,0,0,0,0,0,0,deontrele,10.44697695,7.952484472,0.016049383,0.028493894,0.005662514,0,0.983996,0.016004,0,0.988676498,0.011323502,0,0.968,0.032
178,Joel Honigford,jhonig44,201,0,0,0,0,1,0,jhonig44,15.6837505,18.24660103,0.009055627,0.01843318,0.005395683,0,0.983833803,0.016166197,0,0.989764541,0.010235459,0,0.97,0.03
179,Amari Carter,Carter_Fame,1297,0,0,0,0,0,0,Carter_Fame,4.097222986,3.285185185,0.008441193,0.011235955,0.005636979,0,0.978113844,0.021886156,0,0.983120361,0.016879639,0,0.974,0.026
180,Guy Thomas,17sackmangt,1373,0,0,0,0,0,0,17sackmangt,0,0,0.019753086,0.026490066,0,0,0.969449767,0.030550233,0,0.976262977,0.023737023,0,0.962,0.038
181,Carter Warren,CarterWarren79,601,0,0,0,0,0,0,CarterWarren79,8.741061453,9.033157199,0.006622517,0.009041591,0.004314064,0,0.973501779,0.026498221,0,0.982470453,0.017529547,0,0.982,0.018
182,Phillip Paea,Phill_paea,156,0,0,1,1,1,1,Phill_paea,3.225340737,3.726356589,0.317307692,0.345679012,0.217391304,1,0.144100157,0.855899843,1,0.109839742,0.890160258,1,0.442,0.558
183,Alex Forsyth,alexforsyth75,2352,0,0,0,0,0,0,alexforsyth75,0,0,0.003913894,0.00466563,0,0,0.990174771,0.009825229,0,0.989748044,0.010251956,0,0.974,0.026
184,Jack Coan,jcoan17,670,0,0,0,0,0,0,jcoan17,1.151676036,1.135773318,0.042682927,0.039370079,0.054054054,0,0.940658584,0.059341416,0,0.961975586,0.038024414,0,0.856,0.144
185,Jordan Wright,JayyDubb15,1351,0,0,0,0,0,0,JayyDubb15,9.970674487,3.656821378,0.006798097,0.010332951,0.001666667,0,0.985108837,0.014891163,0,0.989134787,0.010865213,0,0.958,0.042
186,De'Andre Wilder,Eyecandy_WILDer,1363,0,0,0,0,0,0,Eyecandy_WILDer,22.21838584,17.57575758,0.027124774,0.042042042,0.004545455,0,0.996898688,0.003101312,0,0.997539887,0.002460113,0,0.942,0.058
187,Kwity Paye,kwitypaye,785,0,0,1,1,1,0,kwitypaye,0,0,0,0,0,1,0.189101831,0.810898169,1,0.167740394,0.832259606,1,0.458,0.542
188,Damon Williams,new_uno,696,0,0,0,0,0,0,new_uno,12.87862441,7.942233633,0.008486563,0.023668639,0.003717472,0,0.979298016,0.020701984,0,0.987049645,0.012950355,0,0.968,0.032
189,Emmanuel McNeil,Eazy_Money_,728,0,0,0,0,0,0,Eazy_Money_,3.796597633,3.6875,0.053571429,0.04587156,0.06779661,0,0.958496929,0.041503071,0,0.972893808,0.027106192,0,0.81,0.19
190,Kane Taylor,taylor_kane11,1188,0,0,0,0,0,0,taylor_kane11,59.67407841,46.10443038,0.001428571,0.001841621,0.001166861,0,0.999918575,8.14E-05,0,0.99993453,6.55E-05,0,1,0
191,AJ Harris,aharris59,636,0,0,0,0,0,0,aharris59,16.36727909,9.659080963,0.008637236,0.014520813,0.002854424,0,0.983394062,0.016605938,0,0.989904147,0.010095853,0,0.97,0.03
192,Dalton Keene,DaltonKeene18,1237,0,0,0,0,0,0,DaltonKeene18,0,0,0,0,0,0,0.964319815,0.035680185,0,0.972910002,0.027089998,0,1,0
193,Anthony Payne,AnthonyPaynee,748,0,1,0,0,0,0,AnthonyPaynee,24.41765507,27.54384018,0.016832441,0.028208745,0.003344482,0,0.997068307,0.002931693,0,0.996684655,0.003315345,0,0.946,0.054
194,Joshua Fedd-Jackson,JoshF_Jackson65,610,0,0,0,0,0,0,JoshF_Jackson65,4.282064128,5.439058172,0.022624434,0.030092593,0.008658009,0,0.958628183,0.041371817,0,0.972972048,0.027027952,0,0.946,0.054
195,Logan Bruss,LoganBruss,448,0,0,0,0,0,0,LoganBruss,2.764499121,2.721649485,0.017857143,0,0.045454545,0,0.936491577,0.063508423,0,0.960603709,0.039396291,0,0.866,0.134
196,Tank Robinson,_TankDaGreat_,770,0,0,0,0,0,0,_TankDaGreat_,8.21875,5.109406953,0.013089005,0.020967742,0.003802281,0,0.971058136,0.028941864,0,0.981282271,0.018717729,0,0.982,0.018
197,Leroy Henley,leedady1998,1334,0,0,0,0,0,0,leedady1998,0,0,0.002006018,0.003415884,0,0,0.968056519,0.031943481,0,0.975127614,0.024872386,0,0.996,0.004
198,Corey Bolds,Chief_Corey,608,1,0,0,0,0,0,Chief_Corey,8.37260274,6.066598361,0.014830508,0.021352313,0.005235602,0,0.967517761,0.032482239,0,0.982610676,0.017389324,0,0.974,0.026
199,Shanon Reid,SReezy21,1284,0,0,1,0,0,0,SReezy21,4.549624541,4.500935745,0.080924855,0.157894737,0.074844075,0,0.600838769,0.399161231,0,0.652797052,0.347202948,0,0.592,0.408
200,Damion Daniels,dboogie_93,1174,0,0,0,0,0,0,dboogie_93,0.042666052,0.177203065,0.02417795,0.031626506,0.010810811,0,0.962187041,0.037812959,0,0.972198195,0.027801805,0,0.992,0.008
201,Dayo Odeyingbo,dodeyingbo,1131,0,0,0,0,0,0,dodeyingbo,7.131617647,7.618049225,0.023300971,0.027108434,0.016393443,0,0.98289796,0.01710204,0,0.987035267,0.012964733,0,0.994,0.006
202,Meshael Custis,Shy22Custis,738,0,0,0,0,0,0,Shy22Custis,13.83950617,9.311133201,0.021367521,0.022838499,0.018575851,0,0.982836684,0.017163316,0,0.989009013,0.010990987,0,0.994,0.006
203,James Houston,Jthouston_4,1351,0,0,0,0,0,0,Jthouston_4,0,0,0.017226529,0.029059829,0.005208333,0,0.968671231,0.031328769,0,0.97582163,0.02417837,0,0.952,0.048
204,Drew Dalman,drewww0,2442,0,0,0,0,0,0,drewww0,3.67189729,5.082706767,0.025,0,0.038461538,0,0.994779267,0.005220733,0,0.994126139,0.005873861,0,0.916,0.084
205,Robert Porcher IV,Rporcher4,1147,0,0,1,0,0,0,Rporcher4,5.143361282,6.582149394,0.024278215,0.028763183,0.014553015,0,0.602896403,0.397103597,0,0.641806541,0.358193459,0,0.814,0.186
206,Trey Pugh,pughtr3y,167,0,0,0,0,0,0,pughtr3y,21.70918367,27.9321663,0.01010101,0.027522936,0.001175088,0,0.993500601,0.006499399,0,0.995520894,0.004479106,0,0.978,0.022
207,Matt Landers,M_Landers1,1189,0,0,0,0,0,0,M_Landers1,0,0,0.008163265,0.010752688,0,0,0.962318284,0.037681716,0,0.971938746,0.028061254,0,0.988,0.012
208,Sterling Jones,_sterlingjones7,801,0,0,0,0,0,0,_sterlingjones7,12.01951274,11.19580551,0.01145213,0.020332717,0.008526188,0,0.984547332,0.015452668,0,0.989290747,0.010709253,0,0.996,0.004
209,Bradley Jennings Jr.,BjBradleyj13,1000,0,0,0,0,0,0,BjBradleyj13,0.620689655,0,0.002945508,0.003690037,0.00245098,0,0.954746245,0.045253755,0,0.968134779,0.031865221,0,0.998,0.002
210,Randall Haynie,R5_era,1351,0,0,0,0,0,0,R5_era,4.957259133,3.867051013,0.026923077,0.030164534,0.019313305,0,0.981053186,0.018946814,0,0.985327941,0.014672059,0,0.878,0.122
211,Jelani Woods,jelani_thegreat,729,0,0,0,0,0,0,jelani_thegreat,6.022262533,5.357834507,0.020021075,0.025522042,0.015444015,0,0.966684578,0.033315422,0,0.97800992,0.02199008,0,0.994,0.006
212,Clevan Thomas,aborn_star,1373,0,0,0,0,0,0,aborn_star,0,0,0.035714286,0.049180328,0,0,0.969449767,0.030550233,0,0.976561571,0.023438429,0,0.924,0.076
213,Kyshaun Bryan,KyshaunB,1351,0,0,0,0,0,0,KyshaunB,6.571396269,5.808957655,0.010469436,0.015853659,0.003785011,0,0.984642534,0.015357466,0,0.987837212,0.012162788,0,0.948,0.052
214,Scott Nelson,_scottnelson,44,0,0,0,0,0,1,_scottnelson,15.66037736,19.37638669,0.045623836,0.079782412,0.009569378,0,0.98197486,0.01802514,0,0.982021371,0.017978629,0,0.852,0.148
215,Kedonis Haslem,headhuncho77,1351,0,0,0,0,0,0,headhuncho77,8.38512159,7.88023088,0.02063185,0.022925764,0.017322835,0,0.987791701,0.012208299,0,0.99023042,0.00976958,0,0.934,0.066
216,Ben Mason,benchmason42,667,0,0,1,1,1,0,benchmason42,4.217213115,5.543278085,0.011904762,0,0.028571429,1,0.267893126,0.732106874,1,0.237715865,0.762284135,1,0.282,0.718
217,Josh Palmer,FlowerCitysOwn,260,0,0,0,0,0,0,FlowerCitysOwn,0,0,0.004526594,0.010058676,0,0,0.895070762,0.104929238,0,0.938339378,0.061660622,0,0.982,0.018
218,Allen Sritzinger,Stay_Winnin_,53,1,0,0,0,0,1,Stay_Winnin_,3.349991785,2.862570015,0.084962106,0.174509804,0.023537323,0,0.905888662,0.094111338,0,0.932469607,0.067530393,0,0.89,0.11
219,Jeremiah Zio,Jzio_24,1189,0,0,0,0,0,0,Jzio_24,0,0,0.068965517,0.086956522,0,0,0.962318284,0.037681716,0,0.973128309,0.026871691,0,0.556,0.444
220,Matt Hankins,Matt_Hankins1,1141,0,1,1,1,0,0,Matt_Hankins1,0,0,0.002862595,0.005565863,0,1,0.261990402,0.738009598,1,0.160570963,0.839429037,1,0.43,0.57
221,Garret Wallow,gwallow_12,1050,0,0,0,0,0,0,gwallow_12,0.38967803,0,0.010856454,0.019161677,0.002430134,0,0.956737345,0.043262655,0,0.969275935,0.030724065,0,0.996,0.004
222,Kurt Taylor,KurtTaylorRb2,745,0,0,0,0,1,0,KurtTaylorRb2,1.668686815,0.331327232,0.179487179,0.228748068,0.052,0,0.943988418,0.056011582,0,0.967728047,0.032271953,0,0.684,0.316
223,Drew White,Drew_white11,1351,0,0,0,0,0,0,Drew_white11,44.07900512,56.52405063,0.013239875,0.015763547,0.003717472,0,0.99992524,7.48E-05,0,0.99990627,9.37E-05,0,0.958,0.042
224,Tory Carter,Tory44Carter,886,0,0,0,0,0,0,Tory44Carter,0,0,0.005643341,0.014705882,0,0,0.946975614,0.053024386,0,0.963682249,0.036317751,0,0.986,0.014
225,Jordan Merrell,jordanmerrell1,331,0,0,0,0,0,0,jordanmerrell1,0,0,0.003442341,0.004830918,0.001848429,0,0.902685138,0.097314862,0,0.941724415,0.058275585,0,0.99,0.01
226,Malik Horton,MalikHorton_5,582,0,0,0,0,0,0,MalikHorton_5,0.951158422,0.618821293,0.007056452,0.010752688,0.002304147,0,0.931780082,0.068219918,0,0.956866261,0.043133739,0,0.986,0.014
227,Collin Smith,Collin17Smith,584,1,0,0,0,0,0,Collin17Smith,8.990800465,9.075471698,0.038147139,0.048275862,0.031531532,0,0.973390088,0.026609912,0,0.985409584,0.014590416,0,0.966,0.034
228,Chase Lasater,ChaseLasater,1000,0,0,0,0,0,0,ChaseLasater,3.808919457,3.803005101,0.200927357,0.244655582,0.119469027,0,0.96979396,0.03020604,0,0.980908277,0.019091723,0,0.704,0.296
229,Carter Dunaway,c_dunaway50,44,1,0,0,0,0,1,c_dunaway50,12.36041211,14.39772727,0.07300885,0.233333333,0.033149171,0,0.970495871,0.029504129,0,0.977762971,0.022237029,0,0.932,0.068
230,Ifeatu Melifonwu,Ifeatu_Mel,771,0,0,0,0,0,0,Ifeatu_Mel,0,0,0,0,0,0,0.939731246,0.060268754,0,0.959650823,0.040349177,0,1,0
231,Brad Robbins,brobb713,180,0,0,0,0,1,1,brobb713,0,0,0.031746032,0.036144578,0,0,0.88586553,0.11413447,0,0.895550117,0.104449883,0,0.946,0.054